Country Name,Country Code,Indicator Name,Indicator Code,1990,1991,1992,1993,1994,1995,1996,1997,1998,1999,2000,2001,2002,2003,2004,2005,2006,2007,2008,2009,2010,2011,2012,2013,2014,2015,2016,2017,2018,2019,2020
Aruba,ABW,"Air transport, passengers carried",IS.AIR.PSGR,,,,,,,,,,,,,,,,,,,,,,,,,,,,223502,274280,,
Africa Eastern and Southern,AFE,"Air transport, passengers carried",IS.AIR.PSGR,11257400,10802900,10302700,11082400,11775500,12153400,13178400,13456500,13234700,14038500,14963609,14546112,14462573,15802323,17562611,20661751,22039609,23295972,23988552,23800085,30374164.94,33507824.27,35838679.01,35112457.82,36350758.95,39154692,41553429,45423814.08,52613964.08,54851421.29,19253142.76
Afghanistan,AFG,"Air transport, passengers carried",IS.AIR.PSGR,241400,212300,212300,197000,238400,250400,255600,89600,52700,140200,149705,,,,,,,,,,1999127,2279341.18,1737962.126,2044188,2209428,1929907,1917924,1647425,1125367,1066747.356,449041.025
Africa Western and Central,AFW,"Air transport, passengers carried",IS.AIR.PSGR,3551000,3405900,3209800,2840600,3167100,3215200,2855900,3020900,3007600,3083500,2949248,2627404,2072438,2081206,2604956,,,,,,7817344.203,9140452.129,9570161.788,8677884,8030237.17,8696300,8129874,8837017,12337766.28,11384912.64,5528130.74
Angola,AGO,"Air transport, passengers carried",IS.AIR.PSGR,451500,456000,440000,333500,519000,552500,585000,555000,552900,293800,235448,193317,189619,198253,222032,239795,262666,277361,283887,274869,1010194,987798,1132424,1321872,1409952,1244491,1482546,1375523,1516628,1436959,356695
Albania,ALB,"Air transport, passengers carried",IS.AIR.PSGR,,,,,9100,13000,29000,55400,21200,91500,136622,146273,137569,158888,179543,195702,213315,238913,243691,231263,768533,829778.9239,814339.7303,865848,151632,,26634,204090,303137,307741,124714
Andorra,AND,"Air transport, passengers carried",IS.AIR.PSGR,,,,,,,,,,,,,,,,,,,,,,,,,,,,,,,
Arab World,ARB,"Air transport, passengers carried",IS.AIR.PSGR,31484000,28835100,33877100,34017400,35968300,35918200,38024200,39692100,40403700,43269900,45723758,46769231,49871837,52465002,60950501,43608649,47875367,51722644,53542019,95372047,126796491.9,135837641.4,152014159.7,166209279.1,181627311.1,195957046,214318723,223496214.1,232670166.9,246284712.9,83932897.01
United Arab Emirates,ARE,"Air transport, passengers carried",IS.AIR.PSGR,1685900,2041800,2508800,2936300,3368700,3550500,4063500,4720400,5263700,5840300,6893085,7675845,9667005,11609840,14314326,,,,,31761631,44948143.85,50342891.8,59948766.7,68151865,75608196,84343562,91763598,95306195,95758342,93995208.09,26116897
Argentina,ARG,"Air transport, passengers carried",IS.AIR.PSGR,5369100,4545900,5251400,5104500,6260700,6641700,7913000,8599800,8446500,9191900,8915627,5808770,5662905,6036360,6795484,6938436,6611915,7036784,6147290,5694547,9025035.312,8590839.85,9375669.74,11951276.82,12121912.82,14245183,15076354,16749271,18084553,19461377,3680874
Armenia,ARM,"Air transport, passengers carried",IS.AIR.PSGR,,,,,,,358100,367800,365300,343100,298232,369164,407777,366581,509904,555795,605817,560626,623688,653320,704753,392312,364733,45000,0,,,,53259,193668,54940
American Samoa,ASM,"Air transport, passengers carried",IS.AIR.PSGR,,,,,,,,,,,,,,,,,,,,,49772.7887,50641.72277,56096.97968,72240,76944,,,,,,
Antigua and Barbuda,ATG,"Air transport, passengers carried",IS.AIR.PSGR,755000,870000,913500,955000,1000000,1050000,1098000,1250000,1245200,1371300,1426114,1369069,1286925,1428487,714000,778260,754912,800207,813010,747969,1554309,1424420.155,1310276.413,1218000,1216152,1039810,1042929,590517,580174.1568,526333.9951,270009.339
Australia,AUS,"Air transport, passengers carried",IS.AIR.PSGR,17553400,21860100,23886600,26929300,26888500,28831400,30075100,30953500,30185700,31579700,32577569,33477398,39021581,41386432,41596552,44657324,46951775,48728837,51488427,50026967,60640913,63360310.34,66355274,68197955,68123237.67,69779346,72446421,74257326,75667645.03,76850596.72,23627140.51
Austria,AUT,"Air transport, passengers carried",IS.AIR.PSGR,2532100,2605700,3024200,3296900,3747900,4265400,4718600,5153900,5871500,6056600,6641875,6550376,7070344,6902780,7619372,8037890,8785116,9140909,9140680,8520740,13493793,14088251.66,14518841.05,15037454,15210489,14718641,14724774,16171640,12935505,46476602,13285414
Azerbaijan,AZE,"Air transport, passengers carried",IS.AIR.PSGR,,,1454900,1383400,1380000,1156000,1232900,981800,669400,571700,545800,543800,575300,683700,1007000,1134300,1253400,1440700,756338,839514,796698,1348414,1560084,1651710,1770192,1803112,1961639,2331308,2279546,2585280,545265
Burundi,BDI,"Air transport, passengers carried",IS.AIR.PSGR,8300,8300,8900,8900,8900,9400,9400,12000,12000,,,,,,,,,,,,,,,,,,,,,,
Belgium,BEL,"Air transport, passengers carried",IS.AIR.PSGR,3132700,3018200,3146300,3650600,4192900,5000900,5173600,6872100,8748400,9965200,10738119,8489007,2341816,2904114,3264582,3340509,3641155,4078094,5878585,4858700,7528586.304,8638553.1,9508165.315,9521421,10535219,11473055,12545322,13676844,13639487,14279187,3520849.848
Benin,BEN,"Air transport, passengers carried",IS.AIR.PSGR,76300,66300,66300,68200,69200,74100,75100,85500,90500,83900,77273,46364,,,,,,,,,53012.81818,58314.1,58314.1,137640,60264,112392,899,,,,
Burkina Faso,BFA,"Air transport, passengers carried",IS.AIR.PSGR,136600,126600,126600,128500,129500,137500,138400,96600,101600,147200,143529,100286,53236,54475,61364,66273,73131,77810,80543,79345,160000,133709.7792,125693.6964,138996,117420,122590,144950,145049,189545.3369,185841,70228
Bangladesh,BGD,"Air transport, passengers carried",IS.AIR.PSGR,1044100,1020800,1051500,1083100,1215900,1261400,1252000,1314700,1152500,1215400,1331369,1449980,1536102,1587606,1650276,1634473,1729451,1242865,1224222,1409414,1818901.019,2022388.572,2195061.68,2781708,3051914.733,3997815,3815869,4660739.038,5677396,6260241,2984121.694
Bulgaria,BGR,"Air transport, passengers carried",IS.AIR.PSGR,1907000,645700,814000,915800,789200,862700,718200,721700,827700,734700,535246,233963,62798,310952,476277,653703,808451,855229,1073496,798165,801840,932868,973062,1013220,1060147,1063498,1092333,1133069,1022645,832828,443067
Bahrain,BHR,"Air transport, passengers carried",IS.AIR.PSGR,770900,875500,981100,1080000,1150600,1072500,1200300,1164600,1207000,1307000,1382461,1250076,1255713,1850491,2284547,,,,,5215512,6028980,5590998.041,5861786.999,4626648,5171496,5313756,5220218,5190484,5877003,6440562,1451359
"Bahamas, The",BHS,"Air transport, passengers carried",IS.AIR.PSGR,1090000,1090000,835000,862000,862000,936900,977500,703700,701000,1719400,1860623,1625689,1543274,1601347,900000,1020000,1033407,1089636,1088876,979042,967914,1056129.595,1048391.067,576996,991463.3289,900028,937476,921470,1830394.862,1856546,1272798.762
Bosnia and Herzegovina,BIH,"Air transport, passengers carried",IS.AIR.PSGR,,,,,,,,,49900,60100,69142,64993,65643,72864,,,,,56313,79977,56485.16182,40182.43977,24874.08963,15000,36636,7071,,,,5375,1593
Belarus,BLR,"Air transport, passengers carried",IS.AIR.PSGR,,,,804900,804900,804900,843000,230900,225500,212300,210899,221714,204908,234273,274185,281877,307403,344290,351165,333252,652142,737599,943081,1159500,1317732,1489035,2057194,2493100,2760168,3208254,1227674
Belize,BLZ,"Air transport, passengers carried",IS.AIR.PSGR,,,,,,,,,,,,,,,,,,,,,143928,179471.4135,448015.914,513175.6,877765,935604,990499,1285642,1297533.223,1278187.556,971426.138
Bermuda,BMU,"Air transport, passengers carried",IS.AIR.PSGR,,,,,,,,,,,,,,,,,,,,,,,,,,,,,,,
Bolivia,BOL,"Air transport, passengers carried",IS.AIR.PSGR,1237600,1200000,1214400,1117000,1175200,1223700,1783500,2250800,2115500,1872600,1756608,1557128,1508700,1770774,1824313,1892343,1443165,1744663,1718196,1537032,1781340,2125912.527,2206069.761,2027888,3563043.583,4115271,3678739,4053427.35,4122113,4066959,2627202.201
Brazil,BRA,"Air transport, passengers carried",IS.AIR.PSGR,19149600,19153100,16388500,16535600,17898600,20196100,22011500,24307000,28091100,28205300,31287784,34285574,35889538,32372040,35263795,37661733,40945038,45286990,58763225,67945578,74627064,87860363,94752568,95591641,100403628,102039359,94142377,96395709,102109977,102917546,45405756
Barbados,BRB,"Air transport, passengers carried",IS.AIR.PSGR,0,0,,,,,,,,,,,,,,,,,,,,,,,,,,,,,
Brunei Darussalam,BRN,"Air transport, passengers carried",IS.AIR.PSGR,307000,307000,410000,604100,769400,916200,856900,876800,876800,808000,863547,1007542,1035795,956133,1079578,977516,1041478,1017028,1075754,999375,1263270,1312935,1044170,1139784,1061148,1150003,1168609,1172201,1234455,1421313,280622
Bhutan,BTN,"Air transport, passengers carried",IS.AIR.PSGR,8000,8000,8700,8700,8700,29700,35000,36100,36100,30700,34425,35114,40859,36365,45456,49092,51056,53609,52805,49056,181537.3717,226153.1266,193405,207996,302160,162864,224101,254643,275849,276092,48825
Botswana,BWA,"Air transport, passengers carried",IS.AIR.PSGR,101300,102300,111200,122600,100500,99900,104000,116400,123700,144100,163909,169526,179041,188842,212951,229987,213587,227624,236182,233515,290195,415864.0844,415130.021,270996,205992,226549,254396,223673,253417,254439,
Central African Republic,CAF,"Air transport, passengers carried",IS.AIR.PSGR,130300,120300,66300,68200,69200,74100,75100,85500,90500,83900,77273,46364,,,,,,,,,,,,,,,,,,,
Canada,CAN,"Air transport, passengers carried",IS.AIR.PSGR,20601400,16586500,16818300,17516500,18104800,20291100,22856000,23981500,24653300,24602000,41767974,40451914,23323029,35884417,40701307,45229860,46726978,52103547,53718757,52583516,63277409.38,66078011.95,70467400.79,71526725.92,75528607,80228302,85406425,91404001,91504000,93352000,27620000
Central Europe and the Baltics,CEB,"Air transport, passengers carried",IS.AIR.PSGR,7188800,4707300,6010600,6537200,7385600,7324344.1,8216500,8745500,9570400,9991700,11117833,11445703,11808082,14065887,16768232,19040472,20221059,23721701,25261998,24733789,32710131.38,34477031.59,32490649.47,35246300.75,37875158.18,39811670,42884394,52125994,62622491,69934611.3,22919373.18
Switzerland,CHE,"Air transport, passengers carried",IS.AIR.PSGR,8603400,7973600,8255700,9152000,9338200,9859000,10468300,12481600,14298900,16209000,17268093,16914823,13295500,10118096,9287315,9662619,10647142,12298456,14352757,14701206,22146864,24866065,26386306.6,27503416,27923164,27011762,25859918,26732570,28857994,30339654,9009607.2
Channel Islands,CHI,"Air transport, passengers carried",IS.AIR.PSGR,,,,,,,,,,,,,,,,,,,,,,,,,,,,,,,
Chile,CHL,"Air transport, passengers carried",IS.AIR.PSGR,1363600,1405900,1905800,2360000,2961700,3197200,3621900,4610000,5149800,5187700,5174876,5315623,4986727,5246787,5463753,5939020,6016649,7190963,8021939,8097314,9269026,10949863,12892856,13806283,14347893,15006762,16362437,17664974,19517185,21197759,8019753
China,CHN,"Air transport, passengers carried",IS.AIR.PSGR,16596100,19520000,27345000,31312500,37601000,47564500,51770100,52277000,53234000,55853100,61891807,72660653,83671798,86040642,119789024,136721623,158013351,183613132,191001220,229062099,266293020,292160158,318475924,352795296,390878784,436183969,487960477,551234509,611439830,659629070,417255845
Cote d'Ivoire,CIV,"Air transport, passengers carried",IS.AIR.PSGR,200200,177700,195100,186200,156900,174700,178700,157600,162400,259600,107979,46364,,,,,,,,,516085,89791.86777,39485.4722,234996,237120,642893,667062,808471,825257,748540,322841
Cameroon,CMR,"Air transport, passengers carried",IS.AIR.PSGR,284200,356600,363100,274800,295000,345000,361800,279000,277900,292600,273000,324114,243122,315100,355610,384059,424794,453051,470598,466050,0,171007.2,248027.2,287208,275760,267208,343592,236000,265136,83882,40884
"Congo, Dem. Rep.",COD,"Air transport, passengers carried",IS.AIR.PSGR,206700,150400,116400,83700,177600,,,,,,,95200,,,,,,,,,210913,252408.1796,471536.2046,456000,456228,476353,416033,959738,587653.0308,550457.8926,277588.159
"Congo, Rep.",COG,"Air transport, passengers carried",IS.AIR.PSGR,238900,228900,228900,230800,231800,266900,252900,244500,240900,132200,127541,95188,46967,52268,,,,,,,341640.4292,438178.4704,703966.4211,652452,553944,657927,577780,333899,508978.9399,541787.1369,226389.879
Colombia,COL,"Air transport, passengers carried",IS.AIR.PSGR,5266700,5539900,6232100,6930200,7686500,7863300,8342100,9188900,9289700,8619200,8568734,9604390,9424850,9142585,8829094,9984424,10616356,11630594,12338706,12115330,16932435,18768534.77,22012458.84,26929238,28675159,30909723,32262658,32504898,33704037,37031843,12273939.72
Comoros,COM,"Air transport, passengers carried",IS.AIR.PSGR,26000,26000,26000,26000,26000,27300,27300,,,,,,,,,,,,,,,,,,,,,,,,
Cabo Verde,CPV,"Air transport, passengers carried",IS.AIR.PSGR,176900,96000,100000,100000,118300,124200,129200,237000,236100,252300,263547,242799,236577,252751,560000,690000,753511,793153,807957,776469,570553,620394.7511,597982.6004,600000,590304,548908,565810,336718,561944,675482,313225.095
Costa Rica,CRI,"Air transport, passengers carried",IS.AIR.PSGR,467000,507600,622800,690300,773200,870400,917900,991500,1169500,1055300,877833,737895,675146,749885,901402,953217,943143,1017054,1023665,932581,1697893.889,1829514.947,1770111.378,1498996,1427414,1525922,1572605,1822880,1950049,2033146,455830.6
Caribbean small states,CSS,"Air transport, passengers carried",IS.AIR.PSGR,4412200,4461200,4324000,4455100,4779300,5123200,4681700,4566100,4607700,6250100,6769190,6579219,6306172,6210378,5043466,4742561,4645698,4918479,4978399,4424144,4996231,5829441.176,5920044.896,5475499.6,6162872.329,5845803,5986259,5816851,6645652.514,,
Cuba,CUB,"Air transport, passengers carried",IS.AIR.PSGR,1137500,830600,733000,624100,730900,823700,928700,1117000,1138400,1259000,1007193,882309,588700,610957,743256,812781,811559,857213,861352,780484,1578011.789,1478595.959,1313502.684,1395072,1135200,1294458,1333078,942785,563540,457130,99838
Curacao,CUW,"Air transport, passengers carried",IS.AIR.PSGR,,,,,,,,,,,,,,,,,,,,,,,,,,,,,,,
Cayman Islands,CYM,"Air transport, passengers carried",IS.AIR.PSGR,,,,,,,,,,,,,,,,,,,,,,,,,,,,,,,
Cyprus,CYP,"Air transport, passengers carried",IS.AIR.PSGR,813700,819700,946800,1011000,1233900,1218900,1214100,1278100,1346400,1336700,1396076,1503427,1704780,1882981,2013254,1920516,1944138,2071648,2111205,1943949,1583627,1263117,1285976,1211208,688368,23405,224653,711554,401408,395436,104559
Czechia,CZE,"Air transport, passengers carried",IS.AIR.PSGR,1095700,837400,973800,1024900,1071600,1284600,1393600,1447800,1600800,1852600,2229216,2565808,2808793,3391474,4219478,4706226,4921600,4869586,4974879,5048360,5145187,4902816,3594882,5186676,5009995,3378028,4048658,5450671,8851291,5446163.2,1358558.181
Germany,DEU,"Air transport, passengers carried",IS.AIR.PSGR,22146900,24829500,27577800,29362600,32465300,34680100,40118400,45804500,49279800,54652800,57962865,56389365,61889678,72693124,82099657,90788848,99647314,106101747,107941584,103396735,97330734.28,107042775.8,105978474.5,109062321.5,112353098.6,117222850,116713587,114160685,109796202.2,109633750.7,25758450
Djibouti,DJI,"Air transport, passengers carried",IS.AIR.PSGR,130500,130500,,,,,,,,,,,,,,,,,,,,,,,,,,,,,
Dominica,DMA,"Air transport, passengers carried",IS.AIR.PSGR,,,,,,,,,,,,,,,,,,,,,,,,,,,,,,,
Denmark,DNK,"Air transport, passengers carried",IS.AIR.PSGR,4840300,4582000,4826800,5077900,5381000,5689300,5892000,6236400,5946600,5767700,5922623,6382092,6322432,5886037,6428701,,,,,,,,,,,,,,,50957868.6,14041322.8
Dominican Republic,DOM,"Air transport, passengers carried",IS.AIR.PSGR,718000,264200,322900,327900,300200,67400,29500,33600,33500,10400,,,,,,,,,,,19167,28232.1,28442.05,20004,16128,14463,11903,,,113752,31391
Algeria,DZA,"Air transport, passengers carried",IS.AIR.PSGR,3748000,3385000,3551100,3254500,3241000,3477800,3494100,3517700,3381800,2936800,2997480,3419249,3002232,3292815,3236364,3037298,2899722,2813018,2884506,4370917,3372283,3543663,4082595,4492436.963,5021288.963,5400896,6093416,6230157,6442442,6752002,1460077
East Asia & Pacific (excluding high income),EAP,"Air transport, passengers carried",IS.AIR.PSGR,52224800,57949100,69094200,77190600,88857400,104320600,110862300,107721300,106380600,105525000,117475001,131899488,144954360,145986148,202945818,220887277,244449016,277768225,287719256,326293542,430864598.6,482521208.8,526101395.4,579867089.8,640242859.1,708798867,790494215,881698293,964324620.1,1003476407,546800750.4
Early-demographic dividend,EAR,"Air transport, passengers carried",IS.AIR.PSGR,109133700,105647800,118459100,121137600,131391900,134162100,139817900,146347300,144205700,142004200,149713878,160513615,149570435,160293889,190654278,202084384,224730790,245988633,244712190,259076645,370779756.7,411779408.1,443984379.7,473370786.9,518240248.9,566264222,621441555,679891167.7,741133708.2,734632530.4,296581327
East Asia & Pacific,EAS,"Air transport, passengers carried",IS.AIR.PSGR,174905500,188860300,208797800,221775804,243006604,273666300,292148204,298428300,300493300,312218196,337766614,351529526,374787907,366358229,429868117,454655578,486160240,523755806,535907588,555699740,726070353.1,769209920.7,809282604.5,893899315.8,965572758.2,1052102292,1155866926,1266613885,1363722227,1415410517,674706252.4
Europe & Central Asia (excluding high income),ECA,"Air transport, passengers carried",IS.AIR.PSGR,,,84184600,52000800,44991700,44020300,39282500,37406100,32974200,35972000,37355021,39490872,40166777,43466348,51804644,55933498,61390591,69092668,78070042,79638721,106051571,123846313.5,143043780.4,161627137.8,179004742,197093753,203669893,227956251,247065916.5,254542101.3,120285384.9
Europe & Central Asia,ECS,"Air transport, passengers carried",IS.AIR.PSGR,,342307200,313517500,290815100,302847300,318012844.1,339543200,361142200,368219300,398388896,428305223,427544242,426545437,460194210,506766844,518261374,559653407,607952555,623643998,615350087,671844987.3,728739259.9,749916268.9,778805759.9,823125948.6,886634821,941730493,1015616107,1085617534,1283395612,413202537.4
Ecuador,ECU,"Air transport, passengers carried",IS.AIR.PSGR,762500,752300,1473900,2122400,2118700,1670900,1925200,1790600,1918800,1386700,1318518,1284922,1184098,1521249,1828303,2011004,2110423,2630759,2926821,2896528,4818305,4714115,4758406.307,5157521,5675088,5677816,5099726,5121235,5365261,4827978,1146368.544
"Egypt, Arab Rep.",EGY,"Air transport, passengers carried",IS.AIR.PSGR,3239200,2595400,3608600,2880500,3537500,3897200,4282400,4416300,3894900,4620100,4521702,4389163,4526688,4180814,4621310,4888146,4988262,5829044,6688999,6215870,9518106.013,7708160.107,9081175.146,10593780.18,10278013.11,11109554,11844962,11748510,12386010,13206889.61,4638192.256
Euro area,EMU,"Air transport, passengers carried",IS.AIR.PSGR,134459400,131411900,144488700,149322600,159931900,171988500,190436600,210002000,219023000,238927500,259579401,257007629,258285964,288282210,315899184,344015957,374599784,407969143,408980682,401882488,414887775.1,439335562.7,437876149.5,441085469.3,458429866,495116034,527688666,558725887,582704366.3,637760065.2,189424473.8
Eritrea,ERI,"Air transport, passengers carried",IS.AIR.PSGR,,,,,,,,,,,,,,,,,,,,,,,,,,53074,66927,102729,89136.81591,101357.3759,45104.031
Spain,ESP,"Air transport, passengers carried",IS.AIR.PSGR,21652000,20944600,23385800,22279400,22361300,25765700,27759200,30315700,31594100,33559400,39711776,41469789,40380629,42506835,45539952,49855007,53122464,60664991,55213716,49289158,52847712.61,52736140.93,48089178.33,48056735.82,53069339,60564041,66674868,71598374,80706703,88237165.27,26557078
Estonia,EST,"Air transport, passengers carried",IS.AIR.PSGR,,,146300,127700,157300,168600,149400,230500,297400,302000,277595,277768,304135,395485,509556,577808,598123,651323,685582,395532,582320.2028,614933,914519,627588,602880,512389,372274,13103,62802,857,
Ethiopia,ETH,"Air transport, passengers carried",IS.AIR.PSGR,620300,635600,756400,752000,716400,749900,743000,772300,789900,861400,944595,1027528,1103184,1117329,1403293,1667316,1720306,2290179,2715017,2914056,3347022,4440917.691,5001121.865,5671501,6274582,7074779,8242114,9566378,11501244,12631216,4940183
European Union,EUU,"Air transport, passengers carried",IS.AIR.PSGR,157891000,150528000,164292000,169958600,182625300,193536844.1,213329200,235129900,245065100,266190600,288449342,286388891,287161373,317807082,347767674,359471494,390742949,425646377,427781328,419908189,442721426.2,468821255.3,465108860,471018726.1,490844607.8,529467494,565289154,605233486,640084500.3,803722562.6,238987161.6
Fragile and conflict affected situations,FCS,"Air transport, passengers carried",IS.AIR.PSGR,17063700,16206500,21019000,16086900,14196000,13181200,13334300,13108200,12776100,13635200,13609296,18460325,16157126,13721057,16894044,17361186,19911702,20148599,22671508,22076716,33183814.05,39379075.23,38732387.24,38896500.17,40338413.27,39233518,39962744,41484899.05,48826506.44,47940229.15,18378797.96
Finland,FIN,"Air transport, passengers carried",IS.AIR.PSGR,4450200,3998700,3898400,3947500,4492000,5211900,5597500,6002300,6771100,6241600,6828143,6697556,6415606,6183906,7049416,7075195,7597125,8288683,7916485,7423265,8685772.868,9508050,10731828.49,10467321,10992792,13035848,13754228,12209646,13364839,14610547,3500299
Fiji,FJI,"Air transport, passengers carried",IS.AIR.PSGR,433400,413700,426000,424200,464600,494500,479600,516900,516200,549800,586043,612727,715000,972000,836719,870571,932394,960546,946138,1146591,1259009,1276205.48,1225268.562,1161936,1243824,1336976,1402765,1557876,1670216,1700293,409104
France,FRA,"Air transport, passengers carried",IS.AIR.PSGR,35963900,33127800,33963900,35625600,38170400,36020400,41252600,43400700,42232400,49536300,52581312,50476541,49305864,47258820,48543473,52477178,59537872,61551258,61214656,58318312,60864422.11,64185339.34,64683769.02,63925151,63434263,65039503,65362743,68316473,70188028,71289277,24956343
Faroe Islands,FRO,"Air transport, passengers carried",IS.AIR.PSGR,,,,,,,,,,,,,,,,,,,,,,,,,,,,,,,
"Micronesia, Fed. Sts.",FSM,"Air transport, passengers carried",IS.AIR.PSGR,,,,,,,,,,,,,,,,,,,,,,,,,,,,,,,
Gabon,GAB,"Air transport, passengers carried",IS.AIR.PSGR,398300,436000,471400,302300,505200,508200,431300,468500,466700,423100,446688,373904,365877,385529,430873,465343,508368,535324,545640,524867,243635.529,121233.3957,42729.31947,0,,137331,77320,,,,
United Kingdom,GBR,"Air transport, passengers carried",IS.AIR.PSGR,47113600,42861200,47819400,50187900,55475500,59688800,64208500,62763200,61940200,65738296,70436030,70331725,72381196,76388660,86054762,93602879,97544631,101622807,104713553,102464509,101515720.2,111598546.1,115419920.6,118605866,124901676.1,131512994,143781714,151159067,165388610,142392528,30967519.53
Georgia,GEO,"Air transport, passengers carried",IS.AIR.PSGR,,,,,169600,176900,152400,110500,110100,158600,117521,110800,246609,303802,228560,249131,271553,304139,310222,294400,164446,222630,178363,189316,196589,232263,220448,341751,516034,509913,72906
Ghana,GHA,"Air transport, passengers carried",IS.AIR.PSGR,188100,191700,206000,152400,182500,185900,197200,210600,209800,304100,314335,301135,255630,241111,96444,,,,,,169030.9496,491583.0344,691271.9614,396372,407544,390457,359516,681691,467624,597343,321437
Gibraltar,GIB,"Air transport, passengers carried",IS.AIR.PSGR,,,,,,,,,,,,,,,,,,,,,,,,,,,,,,,
Guinea,GIN,"Air transport, passengers carried",IS.AIR.PSGR,41300,42200,23300,24200,45000,35000,36300,36300,36100,58500,,,,,,,,,,,,,,,,,,,,,
"Gambia, The",GMB,"Air transport, passengers carried",IS.AIR.PSGR,,,,,,,,,,,,,,,,,,,,,0,0,11284,146784,151776,3036,44330,53735,104891.3948,109542.1451,
Guinea-Bissau,GNB,"Air transport, passengers carried",IS.AIR.PSGR,20500,20500,20500,20500,20500,20500,20500,20500,20400,,,,,,,,,,,,,,,,,,,,,,
Equatorial Guinea,GNQ,"Air transport, passengers carried",IS.AIR.PSGR,14000,14000,14000,14000,14000,14700,14700,20900,20800,,,,,,,,,,,,25969.38236,130197.6,316620.85,401712,303024,400758,458222,496322,404301.328,425475,138898
Greece,GRC,"Air transport, passengers carried",IS.AIR.PSGR,6134600,4937000,5465500,5478100,5812900,6006000,6396000,7060800,6403400,6590700,7937434,8430333,7579225,7518932,9276954,9452219,9481314,10206223,9442743,8795133,10352657.53,9569211.419,8785275.456,8761116,11152236,11237054,12689082,13852857,15125933.52,16124738.33,5647917
Grenada,GRD,"Air transport, passengers carried",IS.AIR.PSGR,,,,,,,,,,,,,,,,,,,,,,,,,,,,,,,
Greenland,GRL,"Air transport, passengers carried",IS.AIR.PSGR,,,,,,,,,,,,,,,,,,,,,,,,,,,,,,,
Guatemala,GTM,"Air transport, passengers carried",IS.AIR.PSGR,156000,165000,230000,240000,252000,300000,300000,508400,506400,,,,,,,,,,,,313892,326146.2062,288013.9008,78264,69768,93129,111830,155524,145795,107350,25217.454
Guam,GUM,"Air transport, passengers carried",IS.AIR.PSGR,,,,,,,,,,,,,,,,,,,1255510,1172372,,,,,,,,,,,
Guyana,GUY,"Air transport, passengers carried",IS.AIR.PSGR,145700,111900,115300,115300,115300,121100,126000,126000,125500,70400,73256,47800,,,,,,,,,273160,340267.6232,247780.3477,0,0,,,,26069,28697,17990
High income,HIC,"Air transport, passengers carried",IS.AIR.PSGR,851969816,832564904,879979492,900581616,977879104,1030647140,1110291304,1165455692,1180309480,1270658500,1363760256,1316026038,1286689975,1314051904,1459525526,1503719024,1556586138,1630088007,1599454256,1591691723,1762646495,1819266502,1847214142,1911553324,1989729072,2109935296,2231105946,2339259614,2453690621,2707599615,902722636.1
"Hong Kong SAR, China",HKG,"Air transport, passengers carried",IS.AIR.PSGR,,,,,,,,5957200,12254000,12592600,14377973,14064286,15636216,13024791,17892816,20229512,21796158,24133664,25401266,23973030,28347688,30293677,32247332.08,34644497,37933773,41867157,43683583,45580297,47101822,46469864,5878548
Honduras,HND,"Air transport, passengers carried",IS.AIR.PSGR,609700,447300,437500,602200,,,,,,,,,,,,,,,,,501520,423655.3256,422016.8876,372972,239124,276689,275587,248964,411989,321243,91973
Heavily indebted poor countries (HIPC),HPC,"Air transport, passengers carried",IS.AIR.PSGR,7434000,6618700,6719700,6433300,6139600,6114500,6751600,6925200,6968200,6849500,6492929,5967306,,,,,,,,,14165092.23,17296028.46,18073364.03,18079383.82,19361000.32,20661772,20915140,23844385.43,26411525.91,27353506.87,12656138.62
Croatia,HRV,"Air transport, passengers carried",IS.AIR.PSGR,,113400,215100,432200,624000,644.1,727200,767200,920000,926000,1072000,1245000,1356000,1582000,1743000,2099000,2148000,1545318,1752603,1679197,1577226,1812519,1872799,1716702,1756070,1782666,1875433,2057804,2093577,2108591,608458
Haiti,HTI,"Air transport, passengers carried",IS.AIR.PSGR,0,0,,,,,,,,,,,,,,,,,,,,,,,,,,,,,23119
Hungary,HUN,"Air transport, passengers carried",IS.AIR.PSGR,1363100,910700,1029100,1216900,1325400,1310900,1563400,1634700,1749200,1943500,2197521,2023385,2098760,2260849,2546234,2735214,2591666,3133574,3111575,2952885,12477063.18,13729553.53,12289555.08,13926540,16482060,20043787,21399963,26066294,31226848,39803373,14597294
IBRD only,IBD,"Air transport, passengers carried",IS.AIR.PSGR,159562400,288238700,249287400,227755500,242797500,260412144.1,269421600,278907900,276766600,281964600,302077954,331479712,334877312,346454377,421250768,457746406,506432777,571342851,602329034,654666498,850497494.1,948977935.3,1030743896,1123867191,1223688739,1342229140,1461070125,1619971597,1769305160,1835107918,891984872.8
IDA & IBRD total,IBT,"Air transport, passengers carried",IS.AIR.PSGR,178700100,306448300,271850700,249315900,264620500,281495744.1,290119200,300379900,298474600,303852900,323854019,353461238,354836889,366713422,444743421,482971713,533670988,599627079,631333677,683927328,891956142.2,997808123.8,1080347427,1174597729,1276673084,1396421827,1517531639,1680834868,1840061201,1904674596,923836407.3
IDA total,IDA,"Air transport, passengers carried",IS.AIR.PSGR,19137700,18209600,22563300,21560400,21823000,21083600,20697600,21472000,21708000,21888300,21776065,21981526,19959577,20259045,23492653,25225307,27238211,28284228,29004643,29260830,41458648.08,48830188.45,49603530.74,50730538.39,52984344.99,54192687,56461514,60863270.63,70756041.17,69566677.59,31851534.54
IDA blend,IDB,"Air transport, passengers carried",IS.AIR.PSGR,9605300,9634000,13830900,11732700,12197100,11674500,10788200,11784100,11596400,12221200,12058275,12976878,10439111,10669835,11971594,13181865,14641094,14980619,15375119,14965530,20774321.43,23867830.73,24663522.39,24098238.09,24165927.34,24997482,25950100,24353773,28749421.06,29093297.79,12727159.61
Indonesia,IDN,"Air transport, passengers carried",IS.AIR.PSGR,9223100,10401800,11176800,12009000,13924500,15977200,17138800,12650200,12613600,8046800,9916365,12453812,12113452,12221066,26780550,26835524,29867483,30405918,29766093,27421235,59384361.61,70912258.11,79405799.81,81721356,85215879.51,90095131,99274010,108393123,115154100.9,91323153,37523686.82
IDA only,IDX,"Air transport, passengers carried",IS.AIR.PSGR,9532400,8575600,8732400,9827700,9625900,9409100,9909400,9687900,10111600,9667100,9717790,9004648,9520466,9589210,11521059,12043442,12597117,13303609,13629524,,20684326.65,24962357.72,24940008.35,26632300.3,28818417.64,29195205,30511414,36509497.63,42006620.12,40473379.8,19124374.93
Isle of Man,IMN,"Air transport, passengers carried",IS.AIR.PSGR,,,,,,,,,,,,,,,,,,,,,,,,,,,,,,,
India,IND,"Air transport, passengers carried",IS.AIR.PSGR,10862200,10717400,11127100,9441600,11518400,14260600,13394600,16039800,16521000,16005400,17299483,16862737,17633019,19455085,23934074,27879461,40288794,51897450,49877935,54446373,64374253.8,73996912,72151828.89,75589071,82718882.88,98927860,119577835,139752424,164035637.5,167499116,68959633
Not classified,INX,"Air transport, passengers carried",IS.AIR.PSGR,,,,,,,,,,,,,,,,,,,,,,,,,,,,,,,
Ireland,IRL,"Air transport, passengers carried",IS.AIR.PSGR,4812300,4764600,5006000,4650400,4825700,6586500,7676800,8963700,10401200,11948800,13983022,15450847,19728801,28863657,34748853,42872544,50737809,60099058,69447262,77747207,84784226,89956333.51,92637189.19,93408036,98449140,115928738,134065078,153944513,167598633,170161848,54582262
"Iran, Islamic Rep.",IRN,"Air transport, passengers carried",IS.AIR.PSGR,5632600,5537500,4895600,5351800,5803500,6290600,7609600,9804100,9200400,8277300,8722145,16485326,9891522,16301238,11877705,12708354,13623038,13915755,12029236,13052716,18760850.38,19113946.16,17687478.52,16580818.01,16825260.83,13873256,17084581,26858178.78,23029380,21641449.39,12744853.78
Iraq,IRQ,"Air transport, passengers carried",IS.AIR.PSGR,701600,27700,53000,,31500,,,,,,,,,,,,,,,,641129,761778.1744,784944.253,476484,476484,2142554,2019816,1591490.01,4812610,5434292,764661
Iceland,ISL,"Air transport, passengers carried",IS.AIR.PSGR,759500,772600,767100,801000,1031200,1097000,1239100,1334400,1592700,1350200,1431818,1357946,1198920,1133775,1332811,1528929,1536157,1720496,1423422,1364651,1851416.842,2150527,2400160,2602714,3035882.779,4134980,5710834,7242611,7819740.56,4656017,903927
Israel,ISR,"Air transport, passengers carried",IS.AIR.PSGR,2004000,2047500,2391200,2569400,2980400,3453400,3694600,3753600,3698500,4033200,4442967,3967140,3708138,3677879,4968931,4392448,4357151,4662615,4563041,4605452,5084798,5151469,5381980,5565864,5886728,6331198,6866472,6993888,7404373,7068458,1249361
Italy,ITA,"Air transport, passengers carried",IS.AIR.PSGR,19750000,18846800,21766700,21901400,22959300,23665800,25838500,28183900,27462700,28281000,30418137,31031074,28244627,36345771,35922093,36115764,36709131,37830745,30672048,33194501,32645164,33923370.51,31072962.16,27846220,27193939,28603919,29120041,26288001,27243741,27760301,7801490
Jamaica,JAM,"Air transport, passengers carried",IS.AIR.PSGR,1003600,894000,983200,1037800,1011000,1126400,1388300,1400100,1453900,1669800,1922123,1946123,2016000,1838047,2007765,1573785,1526571,1618165,1644056,1380000,0,0,0,46272,76244,92836,136744,151326,180951.272,,
Jordan,JOR,"Air transport, passengers carried",IS.AIR.PSGR,963900,797200,1109300,1185600,1219500,1270000,1299200,1353400,1186700,1252200,1281997,1178058,1299699,1353444,1660235,1737165,2046457,2246212,2355285,2323750,3077036.696,3267109.736,3438356,3294911,3211795,3065145,3181283,3381677,3383805,3478444,816253
Japan,JPN,"Air transport, passengers carried",IS.AIR.PSGR,76223800,78719800,81378400,80063904,83913504,91797000,95913504,94997600,101701200,105994496,109123312,107823469,109037841,103988547,101740600,102279015,102845319,99842338,97022471,86896527,109617021,89788818,98907859,107573000,110547000,114128000,117708000,123898000,126387527,130233352,51131122
Kazakhstan,KAZ,"Air transport, passengers carried",IS.AIR.PSGR,,,5273400,706400,702300,1117300,568000,568000,565800,467200,461283,500981,756959,1009731,834760,1160286,1283250,1295050,1275624,1192714,3098327,3786453.064,4064819.023,4785588,4918608,5081632,5007869,6903190,5920110,7656866,5282205
Kenya,KEN,"Air transport, passengers carried",IS.AIR.PSGR,794400,759900,721400,769500,753500,740400,778600,835700,1138400,1357800,1554949,1418183,1599843,1678160,2005473,2424382,2685148,2857464,2880546,2948920,4039583,4508698.012,4653459.735,4516500,4448530.528,4569473,4848016,5109576,5905365.123,6417534.056,1865768
Kyrgyz Republic,KGZ,"Air transport, passengers carried",IS.AIR.PSGR,,,,464000,464000,438700,488200,423000,620100,312100,240954,192060,174369,205604,245570,225923,219464,274981,204525,309488,375602,526018.0125,494640.4268,771165,712284,967629,1015750,1122951,1175000.704,867935,191774
Cambodia,KHM,"Air transport, passengers carried",IS.AIR.PSGR,,,,,,,,,,,,,124847,164515,162132,168810,256160,307782,211281,183503,277725.0543,499981.518,508688.5094,615123.328,1071179,1103880,1047394,1305297,1411059,1429503.73,609564.382
Kiribati,KIR,"Air transport, passengers carried",IS.AIR.PSGR,24900,24900,25400,25600,25600,26900,28400,28400,28300,,,,,,,,,,,,,,,,,,,66567,66567,65846.852,56299.058
St. Kitts and Nevis,KNA,"Air transport, passengers carried",IS.AIR.PSGR,,,,,,,,,,,,,,,,,,,,,,,,,,,,,,,
"Korea, Rep.",KOR,"Air transport, passengers carried",IS.AIR.PSGR,15684500,16908000,19766900,21425900,24932300,29345200,33002700,35505800,27109000,30870200,34331368,33710340,34831814,33372577,34511494,33888328,34842655,36655313,36077655,34168590,36987982,39911749.59,39969577.02,54530105,58289180,66093149,76859538,82818983,88157579,92434079,30033310
Kuwait,KWT,"Air transport, passengers carried",IS.AIR.PSGR,965600,840100,1408600,1553800,1756200,1950800,2133400,2113900,2240800,2130000,2112523,2084574,2299218,2185990,2496441,2433213,2627870,2659769,2523966,2597076,4563082,3722729.503,3481039,3244805,3530851,3752995,4069935,5731748,6464847,7385299,1823594
Latin America & Caribbean (excluding high income),LAC,"Air transport, passengers carried",IS.AIR.PSGR,53240500,51969200,52033500,55004500,61142600,60395000,64977400,72531400,77025700,78023700,80737090,80752999,80916912,79669134,85640345,91319432,93787469,101368252,113509159,117582038,152832968.4,168014972.4,184165317.6,197300515.5,209830189.4,225374213,226438094,237473414.4,253817893.8,264882525.6,107715119.9
Lao PDR,LAO,"Air transport, passengers carried",IS.AIR.PSGR,115400,115400,118500,118500,118500,124500,124500,124500,124100,197200,210847,210847,219598,218652,271706,293442,326730,328326,323401,302596,443778,532707,877949.8814,1476528,1310124,1181188,1220201,1196041,1009414,979307,386950
Lebanon,LBN,"Air transport, passengers carried",IS.AIR.PSGR,572300,535500,599600,677400,706400,769800,774600,856900,716000,719400,805803,815862,874152,935213,1086730,1076258,968820,1074219,1067774,1308382,1893359,2029610,2148669,2241480,2419476,2591297,2647258,2879528,2981937,3164358,1077762
Liberia,LBR,"Air transport, passengers carried",IS.AIR.PSGR,33700,32000,32000,,,,,,,,,,,,,,,,,,,,,,,,,,,,
Libya,LBY,"Air transport, passengers carried",IS.AIR.PSGR,1803000,1883700,1350100,853000,640800,623200,638600,570600,570600,585500,600734,582712,559404,626532,850185,0,1151785,1204107,1213854,1147234,2928705.68,2284066.501,1398125.134,2744844,2391856,1430460,1283181,1186424,1442576,1367458,715300.42
St. Lucia,LCA,"Air transport, passengers carried",IS.AIR.PSGR,,,,,,,,,,,,,,,,,,,,,,,,,,,,,,,
Latin America & Caribbean,LCN,"Air transport, passengers carried",IS.AIR.PSGR,65165400,64136600,64903900,68207800,73894400,72889000,77252200,85239100,90079300,93629700,96507566,101576743,97945064,94799825,100859199,107537262,110439889,120106257,133677728,140453020,178418790.8,198178802.3,217297987.7,234290843.1,248819233,264217989,266690030,275641368.4,293327220.8,305061356.6,121313047
Least developed countries: UN classification,LDC,"Air transport, passengers carried",IS.AIR.PSGR,7968400,7148900,7307500,7184600,7723600,7284500,7613500,7565300,7653000,7545800,7589071,7446935,7428771,7560412,9101900,9851704,10465788,10893390,11135294,11657441,17835813.29,21557709.34,22300431.96,24692615.15,25670319.47,25424834,26794845,32493787.63,38438981.41,37004010.81,17136438.14
Low income,LIC,"Air transport, passengers carried",IS.AIR.PSGR,5119400,4444000,4705600,4635500,4770100,4203400,4500900,4547900,4593300,4737200,4865888,4688594,,,,,,,,,12022038.13,14474307.84,13864749.51,14825377,14727931.16,13071284,13897971,16074095.08,17840115.61,18708238.38,7755895.473
Liechtenstein,LIE,"Air transport, passengers carried",IS.AIR.PSGR,,,,,,,,,,,,,,,,,,,,,,,,,,,,,,,
Sri Lanka,LKA,"Air transport, passengers carried",IS.AIR.PSGR,891800,892700,1045600,993800,1066800,1155700,1170700,1231900,1212500,1421500,1755567,1718331,1740807,1957606,2412889,2817778,3100832,3206766,2951506,2417713,3008322.692,3665394,4616417,4793393.4,4756131,4911730,5284585,5403577,5882376,5582446,1240391
Lower middle income,LMC,"Air transport, passengers carried",IS.AIR.PSGR,58608300,58593100,71066100,67023800,73086400,80316300,82484200,85203600,83364300,76237400,81429743,92858356,84987999,94076203,115584643,124229085,143134024,158942855,160844221,166266855,244081250.5,278554382.6,291517512,299916212.4,326618286,356083306,404612256,453154968.7,499307658.9,488400379.9,203483797
Low & middle income,LMY,"Air transport, passengers carried",IS.AIR.PSGR,166160000,293868100,258307800,234869700,250087500,267799500,276185000,285628200,282915700,286907800,306009456,329751742,334345443,347367450,424225871,460828747,510602187,573553197,602997508,652915814,859186599.8,959959046.6,1039102320,1129854969,1229673592,1349457117,1467970476,1630321691,1786539493,1848489384,906382799
Lesotho,LSO,"Air transport, passengers carried",IS.AIR.PSGR,56000,56000,26100,20500,26600,24800,17100,10500,28200,1300,,,,,,,,,,,,,,,,,,,,,
Late-demographic dividend,LTE,"Air transport, passengers carried",IS.AIR.PSGR,84784000,218048600,169668800,149063500,156855000,173392100,178597200,184906800,187098700,199593400,216639000,237815480,258940139,271040893,331760561,347642313,384756400,444476143,485748645,572829124,685670532.1,761255355.4,830069110.5,907272787.7,985686600.9,1088963002,1190947049,1323673354,1434010524,1516126027,741625912.5
Lithuania,LTU,"Air transport, passengers carried",IS.AIR.PSGR,,,557200,149700,194500,209900,214000,236800,258900,249600,283836,304051,303865,329271,447883,505409,429657,423585,609847,616514,81450,69445,592996,1009728,1274911,1363946,1046012,1069268,26031,40944,35027
Luxembourg,LUX,"Air transport, passengers carried",IS.AIR.PSGR,409300,405700,460600,470500,532500,569700,639100,559800,701400,842700,870831,885852,822533,853903,855840,851136,927738,1039067,1059848,681482,786920,785200,781146,1555788,1710624,1830972,1845726,1901012,2099102,2114417,753114
Latvia,LVA,"Air transport, passengers carried",IS.AIR.PSGR,,,65700,111200,167000,173000,275900,229100,229100,196200,278396,255392,264991,339747,593662,1032128,1409620,1344912,1371810,1301848,3158051,3299391,2888683,2754720,2636612.759,2527368,2843133,3441024,4058762,4976410,1323070
"Macao SAR, China",MAC,"Air transport, passengers carried",IS.AIR.PSGR,,,,,,,,,,,1532189,1706332,1728004,1211797,1800237,2040654,2285750,2393294,1866141,1427324,1329721,1327732,1561850,1767100,2078758,2276436,2788571,2776815,3157724,3659911,544411
St. Martin (French part),MAF,"Air transport, passengers carried",IS.AIR.PSGR,,,,,,,,,,,,,,,,,,,,,,,,,,,,,,,
Morocco,MAR,"Air transport, passengers carried",IS.AIR.PSGR,1580000,1429700,2169000,2139600,2183900,2147200,2301200,2638400,3012000,3392100,3671317,3680688,3049154,2638314,3004353,3492984,4109489,4623543,4927341,4930683,7144446,7502696.745,6563646.676,6507408,6976810,7043971,7738637,8667392,8132917,9380951,3012310
Monaco,MCO,"Air transport, passengers carried",IS.AIR.PSGR,42500,42500,44000,44000,44000,44000,44000,44000,43800,75200,82764,77798,104255,94563,83916,87523,95721,101753,84660,63876,59658,63186,65404.36364,64524,64188,60382,12137,316,316,316,
Moldova,MDA,"Air transport, passengers carried",IS.AIR.PSGR,,,571100,312300,312300,169500,190000,46400,118000,43000,117532,120125,129377,179084,200615,231985,273810,314361,401199,402423,479457,540679,543872,557653,692496,1005936,936254,1092606,1423791,1408166,306631.727
Madagascar,MDG,"Air transport, passengers carried",IS.AIR.PSGR,424200,314300,343900,418500,450700,497200,542100,574900,600500,639800,629409,657953,266033,451729,513508,574904,572991,616433,558981,499526,524296,544100.7273,588169,539208,520421,458572,441861,486425,541290,544458,186314.332
Maldives,MDV,"Air transport, passengers carried",IS.AIR.PSGR,9400,9400,9400,9400,38500,158600,206900,188900,247200,261100,315108,56216,57902,60218,75875,81945,93417,92483,91096,85448,,,,,1024693.845,1313533,1409704,1485752,1191383.083,1221786.675,893407.835
Middle East & North Africa,MEA,"Air transport, passengers carried",IS.AIR.PSGR,38928000,36420700,41137700,42087100,45080700,45976000,49613000,53725800,53713700,56424000,59654534,67991058,64355768,73216604,78560904,61431744,66638675,71222974,71070884,114274202,151073013.6,160271708.8,175337423.6,188897689.1,204902736.9,217000211,239193056,257942310.8,264706357.9,276426540.5,97988688.33
Mexico,MEX,"Air transport, passengers carried",IS.AIR.PSGR,14341300,14901000,15532200,16484800,18791400,14968800,14677700,17266500,17717400,20561100,20894205,20172824,19618662,20661206,21167881,21857658,21243010,20952513,18825976,15728171,31269061,29538937,32909408.72,35986501.82,39570522,46966763,53313307,58537832,64569640,69937838,34133108
Marshall Islands,MHL,"Air transport, passengers carried",IS.AIR.PSGR,66400,66300,96000,43500,41900,45800,41300,33100,32000,33100,16109,18805,24592,27471,28970,25789,30232,29980,29530,27692,,,,,,,,22435,24313,21500,25563
Middle income,MIC,"Air transport, passengers carried",IS.AIR.PSGR,161040600,289424100,253602200,230234200,245317400,263596100,271684100,281080300,278322400,282170600,301143568,325063148,330145609,343002544,418961594,454985639,504524165,566675644,595724768,645589044,847164561.7,945484738.8,1025237571,1115029592,1214945661,1336385833,1454072505,1614247596,1768699378,1829781145,898626903.5
North Macedonia,MKD,"Air transport, passengers carried",IS.AIR.PSGR,,,,187500,203000,215000,287300,228900,488900,506100,599012,315450,165735,200959,210875,191977,209255,234366,196420,86868,,,,,,,,,,,
Mali,MLI,"Air transport, passengers carried",IS.AIR.PSGR,,,66300,68200,69200,74100,75100,85500,90500,83900,77273,46364,,,,,,,,,303692,363857.3759,181742.6142,33444,0,,,,,,
Malta,MLT,"Air transport, passengers carried",IS.AIR.PSGR,597800,648600,692500,797000,1002500,1065900,1037500,1054300,1159400,1421300,1364904,1340031,1398990,1309119,1365223,1371865,1495333,1674773,1708268,1992900,1699829,1673765,1535101,1603404,1588165,1583046,1500824,1575125,2576898,2382607.8,549318.545
Myanmar,MMR,"Air transport, passengers carried",IS.AIR.PSGR,318500,318500,318500,318500,318500,334500,334500,334500,333200,536800,437600,398216,1186162,1117208,1392244,1503624,1620895,1662866,1637923,1527346,924207,1539676,1663425.435,1572120,1926969,2095503,2741388,3149037,3407788.433,3701663.849,1506581.713
Middle East & North Africa (excluding high income),MNA,"Air transport, passengers carried",IS.AIR.PSGR,20968500,18725100,19938500,19026300,20017600,20833300,22956900,26337800,25271800,25105400,26100792,34079465,26788324,32800028,30468644,31260133,34256632,36205520,35864926,38021520,52770471.77,52290259.43,50973534.93,53720922.15,54370978.91,50614910,55760221,66657459.79,67240082.92,68779625.65,26673598.9
Montenegro,MNE,"Air transport, passengers carried",IS.AIR.PSGR,,,,,,,,,,,,121737,,287111,337046,383140,,,,,659355.4148,523356,544519,528852,503040,526980,544597,507637,565522,597380,
Mongolia,MNG,"Air transport, passengers carried",IS.AIR.PSGR,,615700,590600,630000,630000,661500,661500,240200,239700,224700,253917,255298,269886,294880,310158,295252,347998,380708,364470,257233,391188,496649.1077,626469.9665,585864,683254,529311,537853,602775,670360,744413,143860
Northern Mariana Islands,MNP,"Air transport, passengers carried",IS.AIR.PSGR,,,,,,,,,,,,,,,,,,,,,,,,,,,,,,,
Mozambique,MOZ,"Air transport, passengers carried",IS.AIR.PSGR,279500,282800,224700,206200,220700,168200,163400,188400,200700,234800,259568,264216,281513,280516,293873,346830,350314,443010,461125,490019,558192,577019.8145,559608.7957,701472,739636.7441,676028,632965,569211,540124,587364,327742
Mauritania,MRT,"Air transport, passengers carried",IS.AIR.PSGR,222700,212700,212700,214600,215600,227900,234800,245200,249600,187400,185061,155687,105541,116136,128329,138595,149188,154662,153895,142355,524817.8947,381075.9236,325239.5236,261696,271212,248158,280215,418817,379211,386621,100904
Mauritius,MUS,"Air transport, passengers carried",IS.AIR.PSGR,519700,525300,578100,581900,635900,675800,716900,803900,847500,823200,949085,1002282,1029466,1042773,1088696,1145737,1056496,1277957,1256746,1092580,1265458,1321491,1313976,1318052,1354388,1466527,1593666,1674395,1745291,1726868,407291
Malawi,MWI,"Air transport, passengers carried",IS.AIR.PSGR,120300,120100,121400,132100,141600,148700,152500,158300,157700,112300,115831,112560,104711,108854,122477,132275,145747,154837,159917,157007,91520.1894,82709.54499,53518.998,5856,5856,6011,6744,10545,10545,7117,1792.164
Malaysia,MYS,"Air transport, passengers carried",IS.AIR.PSGR,10241500,11837400,12756900,13101300,14249800,15417800,15117600,15591600,13654400,14984600,16560793,16107156,16281275,16704600,19226564,20369086,17833364,21325754,22420870,23766316,34239014.17,38218608.85,39165195.22,47995842,49673884,50345820,53817353,58711937,60481772,63623130,15893988
North America,NAC,"Air transport, passengers carried",IS.AIR.PSGR,485175416,468602404,483783292,487442612,533028800,553803196,593928000,614552892,612824180,658966608,707095388,662639760,621733444,624881527,718811915,765777598,772257943,796405857,755498308,732006924,783774409.4,796874012,807166400.8,814697725.9,838238607,878450302,909445425,940807001,980528000,1020089000,397121000
Namibia,NAM,"Air transport, passengers carried",IS.AIR.PSGR,,455000,163200,178700,198800,224600,236800,214500,213700,214100,247147,215237,222009,265655,282915,399280,400947,430741,452167,454855,485849,540867.9,632330.085,510000,522216,553322,558713,623076,602893,212578,62262.67
New Caledonia,NCL,"Air transport, passengers carried",IS.AIR.PSGR,,,,,,,,,,,,,,,,,,,,,,,,,,,,,,,
Niger,NER,"Air transport, passengers carried",IS.AIR.PSGR,76300,66300,66300,68200,69200,74100,75100,85500,90500,83900,77273,46364,,,,,,,,,0,0,119652,87936,13227.5,15243,15044,14713,,,
Nigeria,NGA,"Air transport, passengers carried",IS.AIR.PSGR,964800,930000,646500,608400,664800,547900,221200,318200,313400,419700,507396,519453,520278,520263,540461,747648,1307541,1363435,1460900,1365343,4197375,4793913.274,4716148.081,4209624,4462001.63,4613169,4110075,4789878,7786143.994,6539048.353,3401186.766
Nicaragua,NIC,"Air transport, passengers carried",IS.AIR.PSGR,129600,129600,159200,34000,43800,48200,51300,51300,51100,58700,61031,,,,,,,,,,,,,,,,,,,,
Netherlands,NLD,"Air transport, passengers carried",IS.AIR.PSGR,8559400,8893200,10087800,11774600,12894800,16377900,17114300,17889900,18675500,19741200,20898713,20072980,22931166,23454932,25595676,26132696,27454451,28857440,29601230,29108547,26979676.63,29959476.4,31672223.98,33455251,33956338,35687843,40078714,42763443,44417573.58,46358457.95,14748517.33
Norway,NOR,"Air transport, passengers carried",IS.AIR.PSGR,8928500,8857300,9661200,10383600,11133100,11695500,12727300,13759000,14291500,15009600,15182305,14556181,13699204,12805757,12277222,,,,,,,,,,,,,,,50957868.6,14041322.8
Nepal,NPL,"Air transport, passengers carried",IS.AIR.PSGR,679000,633900,648800,633100,682600,716700,755000,755000,753600,582600,643332,641142,352544,356369,444691,480266,509792,528226,520303,484394,917939,901116.1179,776864.1216,643140,517548,510342,634292,2443630.512,4525805,1659671,1989284
Nauru,NRU,"Air transport, passengers carried",IS.AIR.PSGR,,,,,,,,,,,,,,,,,,,,210424,30195.52105,34884.32689,19334.84785,16488,34572,38859,47252,45457,40290,50668,9356
New Zealand,NZL,"Air transport, passengers carried",IS.AIR.PSGR,5865600,5370800,5784400,6290800,7716100,7676600,9597000,9435400,8654900,9565600,10781314,11467023,11285424,12259437,11305401,11951935,12382205,12545766,12950904,12104116,13295185,13747024.21,13937353.94,14434056,13618712,14385078,15300409,16271523,17249049.95,17763604.46,8516619.501
OECD members,OED,"Air transport, passengers carried",IS.AIR.PSGR,846937916,826639404,873450392,893611716,971255004,1021039596,1099596504,1151287192,1159476480,1245629100,1333236717,1283609610,1247264642,1278025311,1413357107,1475137918,1523845112,1594664421,1561688255,1516777735,1673073625,1721515451,1764708589,1828732574,1901844153,2024220925,2134765172,2243961564,2361878663,2606490030,901701602.9
Oman,OMN,"Air transport, passengers carried",IS.AIR.PSGR,852900,957500,1081100,1180000,1511800,1452900,1620200,1678400,1849300,1933100,2118338,1980076,2103559,2777424,3267088,,,,,2360682,3262849,3795755,4430383,4994729,5051804,6365784,7709851,9035230,10438241,11239996,2496069
Other small states,OSS,"Air transport, passengers carried",IS.AIR.PSGR,5798000,6502100,6772500,7255400,8573000,8905500,9287800,9670100,10360700,11464000,,,,,,,,,,,29535977.74,31467772.9,34532854.87,34877522,,43818107,51705282,,53400215.37,54258497.62,
Pakistan,PAK,"Air transport, passengers carried",IS.AIR.PSGR,5180200,5197700,5680600,5647100,5663700,5342600,5375000,5882500,5414100,5850000,5293541,6011849,4141009,4522110,5097477,5364134,5714831,5439144,5605758,5303268,6588114,7940545.076,7973906.361,7833901.088,7670348.185,8467827,9628354,7260769,6880637,7420378.249,3711456.87
Panama,PAN,"Air transport, passengers carried",IS.AIR.PSGR,265800,342700,282700,320500,519900,661200,688800,772200,859900,932500,1117411,1114727,1047843,1416071,1500673,1795958,2028711,2473261,2762458,6348000,5524157.43,6380080.184,7517581.277,11656416,11812712.84,12193261,13285098,11975372,12631703,12497758,3074172
Peru,PER,"Air transport, passengers carried",IS.AIR.PSGR,1816200,1490600,1217600,1362400,1894900,2508300,2327500,2724500,2774500,1900000,1595268,2248991,2085823,2226329,3225128,4332223,4217880,5273188,6184410,5843195,7106025.293,8609620.354,10074855.61,12255937.76,12284677,13877662,15081755,16094150,17758527.27,18820572,5705074
Philippines,PHL,"Air transport, passengers carried",IS.AIR.PSGR,5638700,5438100,6136500,6526200,6851500,7179600,7263100,7474600,6731600,5024000,5756288,6416383,6449022,6457529,7387965,8056829,8304634,8818150,9508389,10480898,22575356,26326620.76,28540727.36,25540880,34897404,37023422,40206684,39341995,43080118,47776892,11178423.08
Palau,PLW,"Air transport, passengers carried",IS.AIR.PSGR,,,,,,,,,,,,,,,,,,,,,,,,,,,,,,,
Papua New Guinea,PNG,"Air transport, passengers carried",IS.AIR.PSGR,931200,911000,954000,866000,1112800,970000,970000,1114000,1110300,1058200,1099772,1188089,1234779,690528,762784,818773,918640,918665,904885,847353,1405169,1563593.853,1630308.432,1870968,2074020,1679156,1711274,1864653,1831903,2029701,1501149.466
Poland,POL,"Air transport, passengers carried",IS.AIR.PSGR,1501000,1051200,1102100,1269900,1451800,1657300,1805900,1998000,2212500,2140700,2340919,2670283,2845919,3252222,3493094,3553680,3625982,4269655,4634676,4279072,4099082,4448727.06,4909100.392,5002975.749,5038745.426,4448883,5497163,7376512,9277538,10225516,2686258
Pre-demographic dividend,PRE,"Air transport, passengers carried",IS.AIR.PSGR,7398600,6057800,5674400,5354400,5857800,5618900,5427100,5219400,5677400,5720100,5605843,5129614,,,,,,,,,17819048.66,20387700.77,20515501.68,19925850.82,19349770.9,21230480,20633300,21624757.05,28768397.36,28357862.06,10479452.53
Puerto Rico,PRI,"Air transport, passengers carried",IS.AIR.PSGR,,,,,,,,,,,,,,,,,,,,,,,,,,,,,,,
"Korea, Dem. People's Rep.",PRK,"Air transport, passengers carried",IS.AIR.PSGR,222700,222700,235100,241800,241800,254000,254000,280000,64000,76700,82953,78805,84321,75046,93808,101313,105366,110634,108974,101237,73052,78558.86155,100113.3486,371004,90335.875,87082,94919,103560,94245,109095,11649.99528
Portugal,PRT,"Air transport, passengers carried",IS.AIR.PSGR,3504500,3571800,4108800,4378900,4359600,4590100,4805500,6281400,7023100,7339300,6721365,6650492,6795580,7590259,9052471,10139655,9440930,10320040,11171020,9903771,10428173.51,11014639,11338080,11860998,12635439,12706909,13105120,15937325,17367956,22047878.98,6219531.061
Paraguay,PRY,"Air transport, passengers carried",IS.AIR.PSGR,273000,308800,313600,337500,324200,105200,260500,196000,222200,231700,265898,281040,267089,298928,373456,445854,432760,458688,465911,428493,715072,845395.6888,794176,711548.47,608844,452004,467713,454276,710407,632389,131713
West Bank and Gaza,PSE,"Air transport, passengers carried",IS.AIR.PSGR,,,,,,,,,,,,,,,,,,,,,,,,,,,,,,,
Pacific island small states,PSS,"Air transport, passengers carried",IS.AIR.PSGR,647200,661900,711300,669900,734300,775600,1042400,871600,956800,972400,994674,1040635,1169195,1409660,1376595,1366689,1468156,1510124,1487471,1861811,1679808.521,1691669.508,1701510.525,1807896,2006028,2120856,2238966,2543172,2681606,2609710.553,847903.324
Post-demographic dividend,PST,"Air transport, passengers carried",IS.AIR.PSGR,823529116,803342904,851472092,866599916,939020504,989606440.1,1067013204,1118528992,1129879680,1214796800,1301972064,1251639848,1214443600,1229236696,1360640668,1413314874,1455395380,1510562083,1469546762,1409097909,1535018341,1572981002,1599345143,1647552396,1703839062,1789921540,1872020604,1948532976,2038433312,2278375002,760646645.1
French Polynesia,PYF,"Air transport, passengers carried",IS.AIR.PSGR,,,,,,,,,,,,,,,,,,,,,,,,,,,,,,,
Qatar,QAT,"Air transport, passengers carried",IS.AIR.PSGR,770900,875500,981100,1080000,1150600,1072500,1200300,1164600,1207000,2325200,2672972,2778116,3570521,3184104,4453071,6041040,7070851,8879109,9702479,10211229,12391268,14568106,17187171,18737348,21425066,25263224,31209097,29949181,29178923,32953297,10640789
Romania,ROU,"Air transport, passengers carried",IS.AIR.PSGR,1322000,1148900,918900,979400,1242700,1244900,913300,995200,907600,980300,1218102,1137305,959487,1255313,1337781,1707714,2047466,3003872,3253417,3268022,3733253,3659209,3593312,3087143,3067724.4,3634598,3686938,4423249,4908235,5630289,1786407
Russian Federation,RUS,"Air transport, passengers carried",IS.AIR.PSGR,,128760600,62173900,36124000,28933100,26524800,22117100,20419000,15223700,18600400,17687894,20301199,20892156,22723072,25948923,26522315,28836949,33187839,37940321,34402844,43855539,50555805,58727125,64072322,72189961,76846126,77458318,89373638,99327311,108857906,62447448
Rwanda,RWA,"Air transport, passengers carried",IS.AIR.PSGR,8400,10100,9100,9100,9100,,,,,,,,,,,,,,,,188221,268376.55,593198.45,610992,626928,544541,644559,1031957.04,1502478,1561562.214,661287.648
South Asia,SAS,"Air transport, passengers carried",IS.AIR.PSGR,18916100,18692200,19784000,18013800,20433000,23175700,22444800,25538500,25389700,25506900,26822530,26775369,25502242,27975359,33660738,38307149,51488173,62460543,60323625,64195666,78888194.89,91031850.07,89645445.18,93893397.49,102251106.6,120221878,142492664,162908959.6,189594450.6,190986478.3,80276160.42
Saudi Arabia,SAU,"Air transport, passengers carried",IS.AIR.PSGR,10311500,9409100,11154800,11864300,12142300,11524200,11706300,11738200,11816200,12328500,12566492,12835735,13564300,13821729,14942633,15933045,16830838,17141188,16708204,17508200,20323592,23135735,26537661,28252104,32269452,33431736,35092840,37503000,39767648,46181487,26987701.89
Sudan,SDN,"Air transport, passengers carried",IS.AIR.PSGR,454100,363200,480000,407900,432400,496900,490800,333100,498700,390300,414179,414983,409178,420498,473127,510977,563026,598151,617785,606558,580325,947031.4561,777346.3319,541644,501864,496177,292843,557792.04,561520,530001,386838
Senegal,SEN,"Air transport, passengers carried",IS.AIR.PSGR,148300,138400,138300,140200,141200,149700,155100,165500,121400,103400,97525,176413,231333,129974,416372,449682,500677,538845,567101,572609,0,391401.4,543987.6,219996,131964,115355,9874,21038,278438.2886,457722,271331
Singapore,SGP,"Air transport, passengers carried",IS.AIR.PSGR,7046400,7745500,8477300,9271200,9929400,10779300,11840700,12980700,13331100,15282600,16704341,16373648,17256872,14172367,16995621,17744017,19565884,20671341,21050204,18427473,24859825.16,26509929.14,29138458.27,31729241,33643518.42,33585397,35370328,38094990,40401515,43050722,7884373
Solomon Islands,SLB,"Air transport, passengers carried",IS.AIR.PSGR,69400,69400,69400,74600,78500,89500,94300,94300,94000,97700,75262,81376,84537,68104,84676,91450,101190,102090,100558,94027,142660,140183.2639,138160.1153,302412,330456,373739,373467,427806,427806,229670.648,138660.862
Sierra Leone,SLE,"Air transport, passengers carried",IS.AIR.PSGR,30000,,16500,17500,14500,14500,15200,0,0,,19009,13877,13877,13599,15503,16743,18752,20252,21420,21784,0,48789,50193,,,,,,,,
El Salvador,SLV,"Air transport, passengers carried",IS.AIR.PSGR,524900,577400,682900,1242500,1617100,1698000,1800000,1700600,1694000,1624100,1960363,1692334,1804307,2182463,2391159,2540564,2579145,2536820,2279763,1996982,1816391.104,2151274,2523296,2509003,2816524,2597649,2603129,2670560,2545105,2609917,805271.999
San Marino,SMR,"Air transport, passengers carried",IS.AIR.PSGR,,,,,,,,,,,,,,,,,,,,,,,,,,,,,,,
Somalia,SOM,"Air transport, passengers carried",IS.AIR.PSGR,87600,46100,,,,,,,,,,,,,,,,,,,163812.7458,177005.4,178709.7,258336,251652,,4486,4486,33728.96866,34065.55685,
Serbia,SRB,"Air transport, passengers carried",IS.AIR.PSGR,,,,,,,,,,,,994880,1185479,1011231,1076473,918540,1041747,1118404,1135322,926618,985072,1149102,1240709,1241352,2187144,2427047,2486009,2442731,2262703,2469081,795228
Sub-Saharan Africa (excluding high income),SSA,"Air transport, passengers carried",IS.AIR.PSGR,14566000,13966200,13273000,13633700,14645200,15054600,15661100,16093100,15873700,16774800,17519022,16753549,16016828,17470433,19705682,23121258,25230306,26657989,27510500,27184327,37778795.14,42254442.4,45172846.8,43445905.82,43973716.12,47353496,49115389,53627313.08,64496529.36,65822245.92,24631784.5
South Sudan,SSD,"Air transport, passengers carried",IS.AIR.PSGR,,,,,,,,,,,,,,,,,,,,,,,,,,,,,,,
Sub-Saharan Africa,SSF,"Air transport, passengers carried",IS.AIR.PSGR,14808400,14208800,13512500,13923000,14942600,15368600,16034300,16477400,16242300,17122000,17912857,17173516,16535011,17883529,20167567,23620094,25775571,27232504,28096606,27748907,38191509.14,42648276.4,45408840.8,43790341.82,44380996.12,47850992,49683303,54260831.08,64951730.36,66236333.92,24781273.5
Small states,SST,"Air transport, passengers carried",IS.AIR.PSGR,10857400,11625200,11807800,12380400,14086600,14804300,15011900,15107800,15925200,18686500,20091826,19806596,,,,,,,,,36212017.26,38988883.58,42154410.3,42160917.6,47106779.95,51784766,59930507,60503751,62727473.88,63378168.72,
Sao Tome and Principe,STP,"Air transport, passengers carried",IS.AIR.PSGR,22300,22300,22300,22300,22300,22300,23000,24600,24500,33500,35054,35054,34496,35680,40076,43282,47585,50440,51921,50716,,,,,,,,,36660,41933,20703
Suriname,SUR,"Air transport, passengers carried",IS.AIR.PSGR,132500,150000,123000,96000,148900,161800,194700,278800,277700,307500,232649,202899,191094,258311,289309,315410,306504,324821,329788,303117,214667,204096.676,240525.4415,255204,269148,259682,280090,284935,272347,236601,89027.2
Slovak Republic,SVK,"Air transport, passengers carried",IS.AIR.PSGR,,,,18300,22500,41100,62600,80700,107300,110600,57095,43113,82821,190182,636276,711939,779759,2679227,2690428,3440816,74856,34859,45111,64008,29031.5983,11098,12928,7925,,,2669
Slovenia,SVN,"Air transport, passengers carried",IS.AIR.PSGR,,,188400,291200,339600,370700,393000,403800,459900,555500,627907,689635,720513,758392,764991,757651,860735,945420,1103685,953378,979803,972711,816630,857000,916981,1045409,1009559,1087075,1094762,869640.1,78565
Sweden,SWE,"Air transport, passengers carried",IS.AIR.PSGR,11402500,9826800,9923500,9719000,10807700,9498000,9879000,11326900,11877700,12917600,13354314,13123426,12421220,11586025,11623925,,,,,,,,,,,,,,,50957868.6,14041322.8
Eswatini,SWZ,"Air transport, passengers carried",IS.AIR.PSGR,52900,59300,57200,58400,64800,49300,54300,40700,40500,83000,89791,,,,,,,,,,,,,,,,,,51633,52744,10647
Sint Maarten (Dutch part),SXM,"Air transport, passengers carried",IS.AIR.PSGR,,,,,,,,,,,,,,,,,,,,,,,,,,,,,,,
Seychelles,SYC,"Air transport, passengers carried",IS.AIR.PSGR,242400,242600,239500,289300,297400,314000,373200,384300,368600,347200,393835,419967,518183,413096,461885,498836,545265,574515,586106,564580,412714,393834,235994,344436,407280,497496,567914,633518,455201,414088,149489
Syrian Arab Republic,SYR,"Air transport, passengers carried",IS.AIR.PSGR,613300,661200,551900,485000,472100,563100,598500,694200,685400,668400,750129,760923,926850,907850,1169646,1239825,1252102,1371450,1358473,1342518,1158366,1433766.695,907927.7418,475932,475932,17902,18117,17564,17896.92117,18456.64505,10409.547
Turks and Caicos Islands,TCA,"Air transport, passengers carried",IS.AIR.PSGR,,,,,,,,,,,,,,,,,,,,,,,,,,,,,,,
Chad,TCD,"Air transport, passengers carried",IS.AIR.PSGR,93300,83400,83400,85200,86300,92100,93100,93000,98000,83900,77273,46364,,,,,,,,,48519.19966,74653.8,52041.6,28080,28332,,,,,,
East Asia & Pacific (IDA & IBRD countries),TEA,"Air transport, passengers carried",IS.AIR.PSGR,52002100,57726400,68859100,76948800,88615600,104066600,110608300,107441300,106316600,105448300,117392048,131820683,144870039,145911102,202852010,220785964,244343650,277657591,287610282,326402729,430771969.4,482426892.5,525964519.9,579440333.8,640110151.3,708750644,790446548,881640190,964270665.1,1003417980,546798456.4
Europe & Central Asia (IDA & IBRD countries),TEC,"Air transport, passengers carried",IS.AIR.PSGR,,,86420700,54682300,48310200,46923144.1,42728900,41166500,37014300,40019000,41986042,44543460,45328183,49555883,58378519,63293892,69212039,77911513,87710738,88865012,115461132,133766768.6,153418991.8,171433958.6,188867281.8,206959900,214729427,241813816,263345266.5,272506497.3,125366507.9
Togo,TGO,"Air transport, passengers carried",IS.AIR.PSGR,76300,66300,66300,68200,69200,74100,75100,85500,90500,83900,77273,46364,,,,,,,,,663013,832351.1564,745781.7481,840948,426344.0399,420875,475185,500686,566295,633629,320806
Thailand,THA,"Air transport, passengers carried",IS.AIR.PSGR,8201400,7708600,8546800,10196900,11404700,12771400,14078300,14235800,15015400,15950500,17392091,17662418,18111892,16622502,20342582,18902629,20102408,21191723,19993134,19618735,28780723,31940491.98,36392469.35,43029150.6,46546612.48,56447637,62341676,70704889,76053042.75,76344410,28179302.67
Tajikistan,TJK,"Air transport, passengers carried",IS.AIR.PSGR,,,,782600,782600,822100,594000,594000,591700,155800,168006,,496905,442712,598456,479172,394440,501178,683248,764505,616999.4123,846967.3803,650130.5474,683060.1575,1064176.328,1034477,1037897,580374,492320,539094.616,260316
Turkmenistan,TKM,"Air transport, passengers carried",IS.AIR.PSGR,,,,747800,747800,747800,523000,523000,521000,1050400,1283780,1407423,1407423,1411910,1612479,1653638,1843140,1850921,1823157,1706055,300970,160243.7654,147500,1800847.458,579715.68,897079,1318350,2136219,2457474,2081424.32,1084543.419
Latin America & the Caribbean (IDA & IBRD countries),TLA,"Air transport, passengers carried",IS.AIR.PSGR,62937900,62216000,63335900,66721700,72301500,71128400,75346000,83418400,88239900,90651300,93639750,99068745,95813090,92587521,99215943,105704481,108594923,118159408,131727500,138693494,175872865,195644076.8,214936094,232318775.1,246692569.6,262023503,264419476,273553611.4,290659005.9,302747680.6,119940410.2
Timor-Leste,TLS,"Air transport, passengers carried",IS.AIR.PSGR,,,,,,,,,,,,,,,,,,,,,,,,,,,,,,,
Middle East & North Africa (IDA & IBRD countries),TMN,"Air transport, passengers carried",IS.AIR.PSGR,20968500,18725100,19938500,19026300,20017600,20833300,22956900,26337800,25271800,25105400,26100792,34079465,26788324,32800028,30468644,31260133,34256632,36205520,35864926,38021520,52770471.77,52290259.43,50973534.93,53720922.15,54370978.91,50614910,55760221,66657459.79,67240082.92,68779625.65,26673598.9
Tonga,TON,"Air transport, passengers carried",IS.AIR.PSGR,34600,34600,35300,35300,53300,53300,56000,49000,48800,50300,51615,56777,58480,60819,75416,,,,,,,,,,,,,,,,
South Asia (IDA & IBRD),TSA,"Air transport, passengers carried",IS.AIR.PSGR,18916100,18692200,19784000,18013800,20433000,23175700,22444800,25538500,25389700,25506900,26822530,26775369,25502242,27975359,33660738,38307149,51488173,62460543,60323625,64195666,78888194.89,91031850.07,89645445.18,93893397.49,102251106.6,120221878,142492664,162908959.6,189594450.6,190986478.3,80276160.42
Sub-Saharan Africa (IDA & IBRD countries),TSS,"Air transport, passengers carried",IS.AIR.PSGR,14808400,14208800,13512500,13923000,14942600,15368600,16034300,16477400,16242300,17122000,17912857,17173516,16535011,17883529,20167567,23620094,25775571,27232504,28096606,27748907,38191509.14,42648276.4,45408840.8,43790341.82,44380996.12,47850992,49683303,54260831.08,64951730.36,66236333.92,24781273.5
Trinidad and Tobago,TTO,"Air transport, passengers carried",IS.AIR.PSGR,1285400,1345300,1354000,1389000,1642100,1727000,897200,807500,804400,1111700,1254425,1387639,1268879,1084186,1132392,1055106,1024304,1085650,1102669,1014016,1842253,2625055.713,2625055.713,2865852,2732100,2617843,2598521,2582961,2458183,2583595,677670
Tunisia,TUN,"Air transport, passengers carried",IS.AIR.PSGR,1313000,1201200,1249900,1351000,1390800,1419400,1371200,1779300,1859000,1922600,1907876,1926118,1789327,1719524,1940037,1996699,2054641,2054679,2274580,2278964,2739634,3153388.977,3580910.219,4648608,4628511,3496190,3606247,3963968,4274199,4335325,1381745
Turkiye,TUR,"Air transport, passengers carried",IS.AIR.PSGR,4337100,3160000,4958600,6076800,6871600,7749000,8463900,9379900,9949300,10097300,12187891,10603908,10686877,10745444,14275835,16943828,19361415,22895275,25505092,31339441,45665249,53500303,63350312,74413804.62,84574844,96604665,100366461,107917326,115595495.8,111131475,44722690.06
Tuvalu,TUV,"Air transport, passengers carried",IS.AIR.PSGR,,,,,,,,,,,,,,,,,,,,,,,,,,,,,,,
Tanzania,TZA,"Air transport, passengers carried",IS.AIR.PSGR,292100,289700,216400,188500,199200,236400,224000,217800,220200,190000,193069,174559,134470,149540,243087,257223,189844,250849,202704,683541,750421,914932.0376,1030203.575,1173942.818,1124913.454,1312807,1179664,1221678,1698386,1498093,909563.5
Uganda,UGA,"Air transport, passengers carried",IS.AIR.PSGR,116000,26300,31600,77700,62500,94600,100200,100200,99800,179400,39379,40560,40560,39749,45711,49368,55292,59715,63160,64234,154909,141603,182144.4,198804,163824,41812,52187,14958,21212,19822.5,6158.84535
Ukraine,UKR,"Air transport, passengers carried",IS.AIR.PSGR,,,4906200,1278000,604900,1005300,1151200,1189600,1066400,910100,950697,986022,1119889,1652632,2200094,2512910,2801992,1736018,3456288,3427818,3956053,5477654.918,5828107.612,5218814.574,4503610,4620530,5756509,6794396,7854842,7604522.332,1790620.666
Upper middle income,UMC,"Air transport, passengers carried",IS.AIR.PSGR,102432300,230831000,182536100,163210400,172231000,183279800,189199900,195876700,194958100,205933200,219713825,232204792,245157610,248926341,303376951,330756554,361390141,407732789,434880547,479322189,603083311.1,666930356.2,733720058.8,815113379.2,888327375,980302527,1049460249,1161092627,1269391719,1341380766,695143106.5
Uruguay,URY,"Air transport, passengers carried",IS.AIR.PSGR,318300,318300,430000,502900,499300,476700,504000,544000,556700,593400,642027,558563,525049,463884,564149,586458,568864,602996,612644,563632,,,,,,,,,,,
United States,USA,"Air transport, passengers carried",IS.AIR.PSGR,464574016,452015904,466964992,469926112,514924000,533512096,571072000,590571392,588170880,634364608,665327414,622187846,598410415,588997110,678110608,720547738,725530965,744302310,701779551,679423408,720497000,730796000,736699000,743171000,762710000,798222000,824039000,849403000,889024000,926737000,369501000
Uzbekistan,UZB,"Air transport, passengers carried",IS.AIR.PSGR,,,4032500,2217300,2217300,2217300,1566200,1566200,1560200,1657600,1744510,2256380,1451004,1465798,1588049,1639276,1665190,1940378,2033933,1850056,2114050,2275947,2593509,2614085,2545935,2486673,2383631,2581865,3056558,3685192,933769
St. Vincent and the Grenadines,VCT,"Air transport, passengers carried",IS.AIR.PSGR,,,,,,,,,,,,,,,,,,,,,,,,,,,,,,,
"Venezuela, RB",VEN,"Air transport, passengers carried",IS.AIR.PSGR,6846800,6795200,7149400,6813900,5266800,4445000,4487400,4020300,3736600,4690000,4295000,9452434,6369455,3889929,4943887,5043028,5225573,5495292,5766973,5121009,6428163,7728281.254,7738509.645,6866780.599,7888722.399,7086072,6025475,4209158,2217407,1516839,283524
British Virgin Islands,VGB,"Air transport, passengers carried",IS.AIR.PSGR,,,,,,,,,,,,,,,,,,,,,,,,,,,,,,,
Virgin Islands (U.S.),VIR,"Air transport, passengers carried",IS.AIR.PSGR,,,,,,,,,,,,,,,,,,,,,,,,,,,,,,,
Vietnam,VNM,"Air transport, passengers carried",IS.AIR.PSGR,89000,198000,204200,1200000,1670000,2290000,2107500,2527300,2303500,2600000,2877894,3427176,4038133,3969320,5049706,5453683,5283831,7194443,9991145,11073604,14377619,16544477.83,16976051.38,20429309.91,23826013.27,29944771,37349272,42592762,47049671,53227026,31771202
Vanuatu,VUT,"Air transport, passengers carried",IS.AIR.PSGR,18500,53000,59200,66700,70400,65600,72800,75000,88700,86000,101503,97471,104294,83151,103939,112254,116744,122581,120742,112169,247944,240396.4377,318747,327060,320232,272332,299315,341110,374603,466865.0531,196963.404
World,WLD,"Air transport, passengers carried",IS.AIR.PSGR,1024976616,1133228204,1145436692,1142265216,1233233404,1302891640,1390963704,1455104192,1466961780,1562256300,1674064712,1655230214,1627404873,1665309283,1888695284,1969590799,2072413898,2209136496,2208218737,2249728546,2628261258,2786953830,2894054972,3048275073,3227291386,3466478485,3705101897,3973790463,4242447521,4557605838,1809388959
Samoa,WSM,"Air transport, passengers carried",IS.AIR.PSGR,,,,,,,270000,74900,148800,155500,164142,173479,182292,198115,246875,266625,287596,294927,290503,270908,,,,,76944,98950,116167,81921,77811,74867,11957
Kosovo,XKX,"Air transport, passengers carried",IS.AIR.PSGR,,,,,,,,,,,,,,,,,,,,,,,,,,,,,,,
"Yemen, Rep.",YEM,"Air transport, passengers carried",IS.AIR.PSGR,671100,540500,800400,847900,790600,375000,587500,706900,765000,731000,841609,841366,869296,844284,1022079,1083404,1162316,1073493,1064878,1050486,1536556,1492073.329,1299707.239,1664220,1665552,443685,242723,132571,336310,,52034.893
South Africa,ZAF,"Air transport, passengers carried",IS.AIR.PSGR,5364900,4818600,4685000,5581500,5801600,6395500,7183100,7274200,6479500,7403800,8000757,7948374,8052660,9159815,9878598,11844657,12932671,12870324,13135437,12503629,15781210,16407784.96,17571565.2,16311250,17026643.22,18882898,19744932,20821044,24660386,26211258,8304771.044
Zambia,ZMB,"Air transport, passengers carried",IS.AIR.PSGR,407200,292500,246000,219000,234700,,,49600,48800,77700,89628,48517,47075,50977,49888,53880,58679,61589,62467,,260502,306034.3,127296.65,10032,8592,203617,144060,154573,16633.13894,17505.68964,8717.833
Zimbabwe,ZWE,"Air transport, passengers carried",IS.AIR.PSGR,601300,740200,677900,594600,675300,625700,653700,790100,788900,651000,607976,308096,250532,200857,225021,243022,239045,254783,264404,261480,258828,279347.6184,320945.9998,351564,301260,370165,378803,282539,282539,,324226.537